sr. no.,username,user id,access_hash,name,group,status
1,sshs226,1989738460,-2547758272578334972,Abhishek,INDIAN OTP GROUP,2023-01-13 17:54:05+00:00
2,Ak470018,5500301639,-4536965327575289971,↪️☣️Trusted Otp Seller🔚 ٭,INDIAN OTP GROUP,UserStatusRecently
3,Akboos57,1703606487,3345094133949423465,ØȚP ßàĺĺèŕ,INDIAN OTP GROUP,UserStatusRecently
4,,5893027368,-8044755635815280861,Akash Kumar,INDIAN OTP GROUP,UserStatusRecently
5,OTP_AWSOME,1948296808,3335160989329557592,OTP HUB,INDIAN OTP GROUP,2023-01-13 17:24:38+00:00
6,amongweee,733620949,-3749163360011590675,Among us,INDIAN OTP GROUP,UserStatusRecently
7,ak62997,1838446794,-2206496091936505904,Ak6299,INDIAN OTP GROUP,UserStatusRecently
8,Archangel_promotions,5617820582,-4680481808771562476,𝗔𝗥𝗖𝗛𝗔𝗡𝗚𝗘𝗟 𝗣𝗥𝗢𝗠𝗢𝗧𝗜𝗢𝗡 🇮🇳,INDIAN OTP GROUP,2023-01-13 16:39:49+00:00
9,Devil_SELLER_021,2023527061,-2857679598826411231,Adil,INDIAN OTP GROUP,UserStatusRecently
10,BRAJESHKUMAR91,1963247445,3340515540958657491,ब्रजेश MEMBERS ADDING + GROUP PROMOTER,INDIAN OTP GROUP,UserStatusRecently
11,munem5,5429900250,-8443536019982577283,Ariyan,INDIAN OTP GROUP,2023-01-13 16:37:39+00:00
12,SAVING_ACCOUNT,1759861270,-795207990114392810,ALL BANK ACCOUNT,INDIAN OTP GROUP,UserStatusRecently
13,SmartBoy122,5120017835,-8045967984654339856,꧁༺Sm̶ ̬̭͈̩͖̾̏̍͘͝a r̶̡̥̻̓͗̓͊̅̃͌̄͑ ̦͈ ̞͈T꧁༺,INDIAN OTP GROUP,UserStatusRecently
14,,5490219589,-6501683842440432546,Ashish,INDIAN OTP GROUP,2023-01-13 17:41:22+00:00
15,,1847300696,-1548215710535556954,Ayrun,INDIAN OTP GROUP,UserStatusRecently
16,Realrdpseller_01,5510731002,-1887082448896473192,🇰 『A』『U』『S』『H』『A』『L』,INDIAN OTP GROUP,UserStatusRecently
17,adity543,469190185,-1082758756643711788,Adi12345,INDIAN OTP GROUP,UserStatusRecently
18,Expert_Adder_Wala,972378217,3362641991968391941,🇮🇳 | 𝐏𝐫𝐨𝐟𝐞𝐬𝐬𝐢𝐨𝐧𝐚𝐥 𝐌𝐞𝐦𝐛𝐞𝐫𝐬 𝐀𝐝𝐝𝐞𝐫 𝐖𝐚𝐥𝐚 🇮🇳 |,INDIAN OTP GROUP,UserStatusRecently
19,DMMEHERE,1735218869,1932609128250084902,GOOGLE PLAY RECHARGE CODE,INDIAN OTP GROUP,UserStatusRecently
20,aman770608,1700453326,-1156955544693727183,Aman,INDIAN OTP GROUP,2023-01-13 14:33:49+00:00
21,ALWAYSLEGITWROK,1860929021,-60035883091404002,Brajesh Seller System,INDIAN OTP GROUP,UserStatusRecently
22,SimWalaOtpAvailable,5570003429,987157372724960591,8576000386 otp available,INDIAN OTP GROUP,2023-01-13 16:56:57+00:00
23,ARUN_PAL99,5589071483,-3821960044549686637,ARUN,INDIAN OTP GROUP,UserStatusRecently
24,Viratdhtdgjt,5455777565,1642619906270062379,Otp,INDIAN OTP GROUP,2023-01-13 15:23:49+00:00
25,AWESOME69_69,5217267397,4172219772604996813,RAJESH,INDIAN OTP GROUP,2023-01-13 16:32:37+00:00
26,,5690869993,-6193195424773021433,Arush Sharma,INDIAN OTP GROUP,UserStatusRecently
27,sam_give001,982829714,1712928878421149680,🅢︎🅐︎🅜︎ᵃ𝖭ᵃᵐᵃᵏᵃ,INDIAN OTP GROUP,UserStatusRecently
28,trustedseller711,1009016615,-7964610429040333404,a,INDIAN OTP GROUP,UserStatusRecently
29,ASTRA_IO,1897280180,4567502012377456332,A.S.T.R.A,INDIAN OTP GROUP,UserStatusRecently
30,,5363527201,2925620288145012392,Abhi,INDIAN OTP GROUP,2023-01-13 16:58:12+00:00
31,Tera_baap_aaya12,1735929002,2703742210620509466,【𓆩​𝐓𝐑𝐓𓆪】 ͢ ̶̶ͥ ̶ ̶ͣ ͓ ̶͓ͫ➳ ℝ𝕆𝕐𝔸𝕃 𝔹𝔸𝔹𝕌𓆪𝄗⃝𓆩,INDIAN OTP GROUP,2023-01-13 08:15:31+00:00
32,Gaodjfb,1894479353,8988835267109917331,Ak,INDIAN OTP GROUP,2023-01-13 08:04:46+00:00
33,Akashpp3,1030491288,8667125106628177376,Technical,INDIAN OTP GROUP,2023-01-13 06:31:57+00:00
34,,1146292296,-5307083521179859780,Akash,INDIAN OTP GROUP,2023-01-13 17:16:06+00:00
35,AndrewGarfield007,1033358799,-2717951520279084231,Andrew,INDIAN OTP GROUP,UserStatusRecently
36,abhi2112,1444272905,8657305773988513476,.,INDIAN OTP GROUP,UserStatusRecently
37,Indianteam01,1739015663,-2094366002098935534,all service avaliable,INDIAN OTP GROUP,UserStatusRecently
38,PAYPAL_ACCOUNT_CREATOR,1848995994,4731122062091413241,कृष्ण नंदन,INDIAN OTP GROUP,UserStatusRecently
39,JunidBha599111,1037887902,741905393078190250,Niyaz,INDIAN OTP GROUP,2023-01-13 15:54:13+00:00
40,Akshay_Yt,1448348951,-2661668329511954772,🔥Akshay,INDIAN OTP GROUP,2023-01-13 17:32:00+00:00
41,shairo123xxx,733081720,7456621145122154324,raz,INDIAN OTP GROUP,UserStatusRecently
42,all_otp_sellers,5115865467,-3951612568684854886,J-,INDIAN OTP GROUP,2023-01-12 16:12:25+00:00
43,BDxStore_admin,1730035856,-8558242388270531448,𝐁𝐃𝐱,INDIAN OTP GROUP,2023-01-13 17:32:21+00:00
44,hey_anu69,5510186865,-7294447321742119824,Hey__Anu,INDIAN OTP GROUP,2023-01-13 15:30:04+00:00
45,Abd461,2137222622,-5149279359247046307,Asattar,INDIAN OTP GROUP,UserStatusRecently
46,AJ_SICK,1378201320,-1180282381751160158,𝐀𝐉 𝐒𝐈𝐂𝐊™,INDIAN OTP GROUP,UserStatusRecently
47,dhd_97,945762345,2442648039697403753,Trusted OTP Seller 💯,INDIAN OTP GROUP,2023-01-13 17:09:24+00:00
48,Awwwwwwwwwwwwwwwco,5122165730,-4354915465988724571,𝄟≛⃝🇲𝐨𝐨𝐧 𝕃𝐢𝐠𝐡𝐭•• ⃟🤍,INDIAN OTP GROUP,UserStatusRecently
49,V7l000,1198603213,4248017048815470336,Z,INDIAN OTP GROUP,2023-01-13 14:52:18+00:00
50,digital_akashh,5895232891,-522030628333620814,Digital,INDIAN OTP GROUP,UserStatusRecently
51,,5804192408,7835603756680851720,Ajay,INDIAN OTP GROUP,2023-01-13 16:44:04+00:00
52,Opankush,1015271191,4800299077954648274,Ankush,INDIAN OTP GROUP,2023-01-13 17:07:53+00:00
53,BhindiMaster,1791443454,-7400151486137577186,AquA,INDIAN OTP GROUP,UserStatusRecently
54,Ankitabc,703000424,-3255683253912467572,Suraj,INDIAN OTP GROUP,2023-01-13 17:42:42+00:00
55,Hastag54343ssiis,2099228399,7656602791288323509,Ayush,INDIAN OTP GROUP,UserStatusRecently
56,,5278031882,6672948967829972508,Akash Yadav,INDIAN OTP GROUP,UserStatusLastWeek
57,PAYTM_FULL_KYC_ACCOUNT,1860531747,3116276646353761833,Paytm Payments Bank,INDIAN OTP GROUP,UserStatusRecently
58,Anshsonii,1815339614,7482270364201623455,SELLING ALL TYPES OF OTT AND OTP,INDIAN OTP GROUP,UserStatusLastWeek
59,ianuragmaheshwari,1942038703,-5131766979000593124,ANURAG,INDIAN OTP GROUP,2023-01-12 16:29:02+00:00
60,AmazonFullRefunder1,2026157813,8619019299801828123,MR,INDIAN OTP GROUP,UserStatusRecently
61,,5463819659,7327884164228323581,Aashish,INDIAN OTP GROUP,UserStatusRecently
62,,1155153189,2905202899027334007,A,INDIAN OTP GROUP,2023-01-12 23:12:15+00:00
63,Allrricks,5918956248,5802726518336952368,ALL,INDIAN OTP GROUP,2023-01-13 15:33:42+00:00
64,Adityanathyou,1737489028,7459859267545512893,Oggy,INDIAN OTP GROUP,UserStatusLastWeek
65,,2067253816,-3988455210488399112,OTP aur OTP website seller,INDIAN OTP GROUP,2023-01-13 11:38:31+00:00
66,Escrow6969,988786271,-5276819300113270152,Alpha,INDIAN OTP GROUP,UserStatusRecently
67,Adamlepinnn,5705934024,1938521167109635584,Micro Tipsi,INDIAN OTP GROUP,2023-01-12 07:33:59+00:00
68,,5929729219,6850503521066421615,Tomáš,INDIAN OTP GROUP,UserStatusLastWeek
69,Premium_seller_5,1435548712,6731952712351617392,Adnan,INDIAN OTP GROUP,2023-01-13 17:54:52+00:00
70,,1865970957,-8525764411168247223,gmail,INDIAN OTP GROUP,2023-01-12 17:08:12+00:00
71,,5923580692,3314990962796733167,Aradhya Powar,INDIAN OTP GROUP,2023-01-11 23:50:41+00:00
72,TheAnonymousGod,5575867894,-4168170051958132103,Anonymous,INDIAN OTP GROUP,UserStatusRecently
73,,5434462733,-2498254130663764893,Aadhya Bhatnagar,INDIAN OTP GROUP,2023-01-12 18:47:12+00:00
74,KYC_POINT,1902841855,-4104831002450522156,RAVINDRA ALL ACCOUNT OPENING,INDIAN OTP GROUP,2023-01-12 13:43:08+00:00
75,JIO_POS_PLUS,1997915651,-8372589458334882958,सेवक,INDIAN OTP GROUP,2023-01-13 15:01:13+00:00
76,,5697471102,-1684909681917678106,alok,INDIAN OTP GROUP,UserStatusRecently
77,Groupadmin6_4,1854090593,-8569027651791845118,akash,INDIAN OTP GROUP,2023-01-08 08:46:35+00:00
78,shiku122,1970274700,3756598068790940473,Aent,INDIAN OTP GROUP,2023-01-13 17:53:03+00:00
79,MRASHIKROY,2082719910,6245186422688555973,Ashik,INDIAN OTP GROUP,UserStatusRecently
80,Aman615kumar,1493205442,1035137822099851189,74008 51328,INDIAN OTP GROUP,2023-01-08 10:10:46+00:00
81,Apk_111,5735056236,631739824674190195,genuine,INDIAN OTP GROUP,2023-01-12 18:02:50+00:00
82,,1256590828,5164687012358080937,Sk,INDIAN OTP GROUP,2023-01-05 18:52:16+00:00
83,,2126595996,4595082612401439420,apna,INDIAN OTP GROUP,2023-01-13 06:16:21+00:00
84,AdsbyPromoHubIN,1970931975,1965174080926907003,Ads By,INDIAN OTP GROUP,2023-01-06 04:03:58+00:00
85,aditya_mishra001,1381316143,-7772345476970337978,Aditya,INDIAN OTP GROUP,2023-01-13 16:09:49+00:00
86,,5102649178,3973916795043519784,14 jan,INDIAN OTP GROUP,UserStatusRecently
87,abhi_9515,1887064106,-7033861809525948159,Abhishek Singh,INDIAN OTP GROUP,UserStatusRecently
88,Tesla5206,5985463761,7261016703932044286,Tesla-Alice,INDIAN OTP GROUP,2023-01-13 17:30:15+00:00
89,X_legit,5663850046,463084966827227582,arvind,INDIAN OTP GROUP,2023-01-04 18:09:57+00:00
90,Amir_bhaai,5661231509,4662988474867018608,Aamir Bhai,INDIAN OTP GROUP,2023-01-13 17:26:36+00:00
91,,5416152062,8789177826826405640,Mohd,INDIAN OTP GROUP,2023-01-13 11:49:23+00:00
92,arshad_vora897,1055565105,4503337824429230324,King Khan,INDIAN OTP GROUP,UserStatusRecently
93,,5379343622,-7892964558500361072,Ásdís,INDIAN OTP GROUP,2023-01-12 10:40:37+00:00
94,Ankit_Kumar8540,1474128314,-2455421573290315098,AÑKIT KUMAR,INDIAN OTP GROUP,UserStatusRecently
95,kingofgj13,5475379751,8136616663964356122,Buy,INDIAN OTP GROUP,UserStatusRecently
96,Trader_aryoan,1060139476,8961163719056213283,@Aryoan MONEY 🤑 MAKER 🏆,INDIAN OTP GROUP,2023-01-13 16:26:35+00:00
97,alex0998725,1340765638,-593019290555167487,Alex,INDIAN OTP GROUP,UserStatusRecently
98,A91260,1986207158,666922393131385312,Mr dosti,INDIAN OTP GROUP,2023-01-13 06:20:44+00:00
99,dmaj00,1337558369,-1236738881563978558,Anish,INDIAN OTP GROUP,2023-01-13 16:10:27+00:00
100,,5864479253,-3358168701842255406,Asmit,INDIAN OTP GROUP,2023-01-13 08:59:17+00:00
101,CleverButKind,5460760538,-7279869882617126987,And,INDIAN OTP GROUP,2023-01-13 17:54:26+00:00
102,abmew09,5382403617,2255626811237718535,AA,INDIAN OTP GROUP,UserStatusRecently
103,lupalogin,725464736,2124483785541783555,Koe-Rove Art,INDIAN OTP GROUP,UserStatusRecently
104,Cybercellpolice,851089802,-2373338658994947086,arpit,INDIAN OTP GROUP,UserStatusRecently
105,MaDaRa_0P,2087392610,2640103086814720661,𝓜𝓐𝓓𝓐𝓡𝓐 𝓞𝓟 【𝚇×𝙰𝚁𝙼𝚈】,INDIAN OTP GROUP,UserStatusLastWeek
106,,5566096675,-6627293821412970195,A,INDIAN OTP GROUP,2023-01-09 10:30:22+00:00
107,SUKUNAA_OP,902593715,8293149553779738059,𝙎𝙐𝙆𝙐𝙉𝘼𝘼 𝙊𝙋 【𝚇×𝙰𝚁𝙼𝚈】,INDIAN OTP GROUP,UserStatusRecently
108,memberadding57,5813867392,-3911170138722183208,Member Adding,INDIAN OTP GROUP,2023-01-12 14:41:44+00:00
109,Adimegh88,1174206780,4981866964791669484,Itz,INDIAN OTP GROUP,2023-01-13 17:52:23+00:00
110,aaaaa63,5406244258,525638495723055944,Tim,INDIAN OTP GROUP,2023-01-13 17:54:56+00:00
111,asher5555,754376191,1909455998947999314,Amit,INDIAN OTP GROUP,2023-01-13 17:28:42+00:00
112,Carder_scott_Diaz,5760607997,-472349124595721062,𝑪𝑨𝑹𝑫𝑬𝑹_𝑺𝑪𝑶𝑻𝑻ᴾᴿᴼシ [ ︻┳═一 𝑮𝑬𝑵𝑼𝑰𝑵𝑬 𝑺𝑬𝑹𝑽𝑰𝑪𝑬 𝑨𝑵𝑫 𝑾𝑶𝑹𝑳𝑫𝑾𝑰𝑫𝑬 𝑫𝑬𝑳𝑰𝑬𝑽𝑹𝑬𝒀,INDIAN OTP GROUP,2023-01-13 15:33:19+00:00
113,INDIANPLAYER53,5121769359,5761631867961306009,CHEAP,INDIAN OTP GROUP,UserStatusLastMonth
114,genuineseller1,5273264244,-2148434482474984330,lـُ๋ࣩࣩࣩࣩࣩࣩࣩࣩࣩࣩࣩࣩࣩࣩࣩࣩࣩࣩࣩࣩࣩࣩࣧࣧࣧࣧࣧࣧࣧࣧࣧࣧࣧࣧࣧࣧ͡ᶦ ᵃᵐ◥꧁ད༆✧𝘼𝙔𝙐𝙎𝙃✧,INDIAN OTP GROUP,UserStatusRecently
115,,2092854516,-8650043394289005619,Airtel,INDIAN OTP GROUP,2022-12-29 13:26:58+00:00
116,Chennai_h,5342746708,-323459429245362610,Arjun,INDIAN OTP GROUP,2023-01-13 17:54:51+00:00
117,MEMBERADDINGSERVICES21,5819633043,1099374497343503163,MEMBER ADDING SERVICES,INDIAN OTP GROUP,2023-01-13 15:26:01+00:00
118,Aabkhan,5059613744,-5330974378708668792,"Aab open • spotify maker supp 1,2,3 solo duo fam available",INDIAN OTP GROUP,2023-01-13 15:47:16+00:00
119,INDIAN_GURUJI,1135162800,-2791049581043652137,Abhishek Bhardwaj,INDIAN OTP GROUP,UserStatusRecently
120,AayuSH_1997,541946976,-307723187959284554,AayuSH 🤑,INDIAN OTP GROUP,UserStatusRecently
121,Anonymous_Seller91,5134384669,1048074175109675270,𖣘𝑨𝒏𝒐𝒏𝒚𝒎𝒐𝒖s𖣘,INDIAN OTP GROUP,UserStatusRecently
122,,5799043134,-710316403081860212,Aarav,INDIAN OTP GROUP,2023-01-13 13:49:33+00:00
123,rdpskyofficial,5346621163,-1162218113141353265,Ansh,INDIAN OTP GROUP,2023-01-13 04:48:52+00:00
124,akki0123,680464237,-2060754426967960703,Akshay,INDIAN OTP GROUP,UserStatusRecently
125,Anushka_4575,1398306294,323411034833800063,Anushkaa,INDIAN OTP GROUP,2023-01-13 13:50:25+00:00
126,,1130649665,-5895705236086220361,Adit,INDIAN OTP GROUP,UserStatusLastWeek
127,Carlogggg,885310123,-5476255825587226036,aj,INDIAN OTP GROUP,UserStatusRecently
128,Alomgair123,5139672889,2238358965721160163,ALOMGAIR BIG PROMOTAR,INDIAN OTP GROUP,2023-01-13 16:53:33+00:00
129,,5528206894,5435137712935972594,Ajay,INDIAN OTP GROUP,2023-01-12 07:10:50+00:00
130,MONEY_EARN_METHOD,1994544667,5013499091972511510,AJAY MONEY EARN METHOD PROVIDER,INDIAN OTP GROUP,2023-01-13 15:46:39+00:00
131,RBL_BANK_ACCOUNT,1899279327,-928704964706894952,AJAY,INDIAN OTP GROUP,UserStatusRecently
132,mk_abbas_backup3,1203355980,8111396447098887649,mk,INDIAN OTP GROUP,2023-01-13 07:03:28+00:00
133,amdevofficial,804853039,-4489635341709628613,Am Dev,INDIAN OTP GROUP,2023-01-13 14:14:32+00:00
134,,5789916357,5993926200161539735,Arinda,INDIAN OTP GROUP,2023-01-13 15:03:34+00:00
135,Web_apps_dev,5063548280,773654203093346462,Sumit,INDIAN OTP GROUP,UserStatusLastMonth
136,,5858027890,-7327250923575888893,abhi,INDIAN OTP GROUP,2022-12-26 04:18:35+00:00
137,sam64946,5347727704,-1926743293903119959,Accounts Available,INDIAN OTP GROUP,2023-01-13 14:28:38+00:00
138,,5832458078,-8104550908661262074,Rohana,INDIAN OTP GROUP,2023-01-13 17:52:03+00:00
139,aruu_xc,1218988967,-8388414202447111958,Aruu,INDIAN OTP GROUP,UserStatusRecently
140,,1354020494,245850748688799130,MINAj Ansari,INDIAN OTP GROUP,2023-01-11 13:56:05+00:00
141,abhi_pk2,1825752011,1421336938695722091,KALYAN,INDIAN OTP GROUP,2022-12-22 16:18:08+00:00
142,AFFILIATE_WISDOM_WITH_HARNISH,1128667902,-4472152202052075236,Borasiya,INDIAN OTP GROUP,2023-01-11 17:06:02+00:00
143,Exchange_USDTtoINR,625792627,-3658673741175407242,Amit,INDIAN OTP GROUP,2023-01-13 17:19:17+00:00
144,anthonypiehl,5930513024,-4083529532128139717,Anothony,INDIAN OTP GROUP,2022-12-24 01:07:21+00:00
145,alexx5697,1354739588,-6221901531782176114,*,INDIAN OTP GROUP,UserStatusRecently
146,Otpboy1222,5745115841,7751164384817262374,All OTP Available👍🏼,INDIAN OTP GROUP,2023-01-01 05:50:42+00:00
147,Anujjiii,5616035417,-4662895471985428620,Anuj,INDIAN OTP GROUP,UserStatusLastMonth
148,,5659713306,1446586167197948563,Maggie,INDIAN OTP GROUP,2022-12-21 15:48:26+00:00
149,Abcdeffedcbaa,1833671219,-1299118685787026728,Rohit,INDIAN OTP GROUP,UserStatusRecently
150,BEAR_XD,986324002,-5573127012910098710,B E A R💜,INDIAN OTP GROUP,UserStatusRecently
151,advcashinstabusinesspay,1625235584,-2550179480357665967,Advcash,INDIAN OTP GROUP,UserStatusRecently
152,,650481078,8549389554712450023,Avinash,INDIAN OTP GROUP,2023-01-13 07:29:29+00:00
153,mukul_androidtv,5173343431,3086483441666339842,Mukul,INDIAN OTP GROUP,UserStatusLastMonth
154,,5424592603,4995432441426960798,Anil,INDIAN OTP GROUP,2023-01-13 02:47:11+00:00
155,Advocate_sks,5426947454,-5263696891428703083,King 👑,INDIAN OTP GROUP,2022-12-21 12:25:35+00:00
156,ADrax26,1517090619,-1243339090986944603,ADrax,INDIAN OTP GROUP,UserStatusRecently
157,,5633459348,2720313288694331592,NEVX ( MEMBERS ADDING COMMUNITY),INDIAN OTP GROUP,2022-12-31 19:17:06+00:00
158,JOYAPATEL,5054327108,4188365696760922086,All OTP Available 🦅,INDIAN OTP GROUP,2022-12-16 08:01:13+00:00
159,,5788773622,-2515326433369418006,AMISHA,INDIAN OTP GROUP,2023-01-13 17:42:36+00:00
160,,5851122336,7083995710640102321,Abhi,INDIAN OTP GROUP,UserStatusRecently
161,Ashok00Singh,5059276394,584757961164559266,Ashok,INDIAN OTP GROUP,2022-12-15 14:35:23+00:00
162,Aaravv88,5984963655,3819699336762019289,Aarav,INDIAN OTP GROUP,2023-01-13 15:52:55+00:00
163,abhinandan989,1083012693,2792389997393770313,Abhinandan,INDIAN OTP GROUP,UserStatusRecently
164,,5577412576,-4399187506476001412,Earning,INDIAN OTP GROUP,2022-12-14 10:12:59+00:00
165,amishutiger,1685375115,2256499562964587675,Tiger,INDIAN OTP GROUP,2023-01-01 05:06:02+00:00
166,Anuj412803,5165674854,-3626304509596980969,Anuj,INDIAN OTP GROUP,2023-01-06 12:33:16+00:00
167,,1997250553,-4181924227149188470,Aryan,INDIAN OTP GROUP,2022-12-17 08:58:10+00:00
168,mk_abbas53,748705808,-3262601217605762956,mk,INDIAN OTP GROUP,2023-01-13 11:57:56+00:00
169,,986803262,7900287895860944252,Amit,INDIAN OTP GROUP,2023-01-08 14:11:47+00:00
170,aaaa82822,2029591798,2004682245812335998,Aaaaaa,INDIAN OTP GROUP,UserStatusRecently
171,Aryashiva1,1797097266,-5224602085250927133,#𝕏ᴘʟᴏɪᴛᴇʀs🎭,INDIAN OTP GROUP,UserStatusRecently
172,,2073803163,-8789423352218187126,I am back,INDIAN OTP GROUP,2022-12-15 06:19:20+00:00
173,,5292627357,-2261225121939578724,Andrew pro,INDIAN OTP GROUP,2022-12-12 03:08:26+00:00
174,akshay94452,1227230701,-3150120813388138104,Akshay,INDIAN OTP GROUP,2023-01-13 16:56:14+00:00
175,Anu0307,591347791,-3814075155131174898,𝓐𝓷𝓾𝓻𝓪𝓰 (𝓐𝓷𝓾),INDIAN OTP GROUP,UserStatusRecently
176,,5890745436,7802187361691126655,abhilas,INDIAN OTP GROUP,2022-12-15 17:34:28+00:00
177,SRearning76,1438108935,-8093858469015752609,Sahil,INDIAN OTP GROUP,2023-01-13 16:54:17+00:00
178,,5602957551,-1661739695947967289,Barbara J. Aparicio,INDIAN OTP GROUP,2023-01-02 06:32:47+00:00
179,,1100541102,-7618211442063755156,Anonymous,INDIAN OTP GROUP,UserStatusRecently
180,,5908891492,-2108459599315026882,Ankit,INDIAN OTP GROUP,2023-01-12 18:58:09+00:00
181,,5151272186,2302828084235891991,Acuzar,INDIAN OTP GROUP,UserStatusLastMonth
182,,5895154341,-4825655175962246503,Ayushi,INDIAN OTP GROUP,2022-12-26 02:17:04+00:00
183,Apna_111,1927525589,7256400331692739729,.,INDIAN OTP GROUP,UserStatusRecently
184,sahuaadi007,5072527268,1407933368409974997,Aadi,INDIAN OTP GROUP,2023-01-06 10:26:05+00:00
185,alupi86,5352986627,-2040095803668221835,Alex,INDIAN OTP GROUP,UserStatusRecently
186,Asgar_salam,1213724479,929248589191811857,Asgar,INDIAN OTP GROUP,UserStatusRecently
187,,5974793212,6425382772473100757,Adrienne Bowen,INDIAN OTP GROUP,2022-12-16 05:30:03+00:00
188,mramir19,1794954297,-8709496945220083764,Amir,INDIAN OTP GROUP,UserStatusRecently
189,Facelesssprit_rdpseller,1133477711,-5714882722096232595,Azure Seller,INDIAN OTP GROUP,UserStatusRecently
190,aman_11220,5718275766,8739194718459152425,Aman,INDIAN OTP GROUP,UserStatusRecently
191,CryptoRafsan,5101896383,4409751064524358115,Rafsan Araf,INDIAN OTP GROUP,2023-01-09 10:55:50+00:00
192,Markfaizu,1961978447,-8801602097878298494,aditya,INDIAN OTP GROUP,2023-01-13 12:50:27+00:00
193,guruapp100,1304526105,3579667292190559449,AMAN,INDIAN OTP GROUP,2023-01-13 17:31:03+00:00
194,,5418528176,-2477686591765108465,Kumar,INDIAN OTP GROUP,2022-12-09 09:21:44+00:00
195,As9058,664965572,4962324667429328975,Anna,INDIAN OTP GROUP,UserStatusRecently
196,Alexala07,1178198772,2104325669562525937,Lena sahay,INDIAN OTP GROUP,UserStatusRecently
197,,5974219682,-3698224403435645908,amit,INDIAN OTP GROUP,UserStatusRecently
198,,5824645111,653872690675284964,AP,INDIAN OTP GROUP,UserStatusRecently
199,akashgupta896,961459238,-1347429981651897806,🇯 👅 🇰 🇪 🇷,INDIAN OTP GROUP,2023-01-13 10:32:50+00:00
200,Ashrith23,931998239,-285589896355214040,Ashi,INDIAN OTP GROUP,UserStatusRecently
201,,5886453704,-490229988610291438,Bbbbb,INDIAN OTP GROUP,2023-01-13 17:47:23+00:00
202,,809921532,4739688387041911083,bhootni65,INDIAN OTP GROUP,UserStatusRecently
203,brother_seller,1545641262,6899132687616536519,BROTHER,INDIAN OTP GROUP,2023-01-13 17:28:43+00:00
204,whatsapp_otp_buy,5388613798,8082639191429229797,×͜× 🅞🅣🅟--🅣🅡🅘🅒🅚🇮🇳,INDIAN OTP GROUP,2023-01-13 16:16:13+00:00
205,,5288506610,-5701350750406858130,Kushal Bhai,INDIAN OTP GROUP,2023-01-13 15:40:49+00:00
206,maheshvitbackup,1607663692,-3040264604176941493,Mahesh,INDIAN OTP GROUP,UserStatusRecently
207,smarty_199,5182147115,5821355746775094149,๖ۣۜSmarty💙 BST,INDIAN OTP GROUP,UserStatusRecently
208,India_post_payment_bank,1433685313,6067171986454615501,UMESH CHAND Vinayak,INDIAN OTP GROUP,UserStatusRecently
209,BHABHA13,5550746002,-2714001636454224386,(^o^),INDIAN OTP GROUP,2023-01-13 13:54:30+00:00
210,king567m,919522490,-2995996827181544200,Bhai,INDIAN OTP GROUP,UserStatusRecently
211,Bosss0070,1952055857,-6635333255926718894,Seller,INDIAN OTP GROUP,2023-01-13 15:22:14+00:00
212,Hellfirebst,5921921853,-7288380350444776636,Hellfire,INDIAN OTP GROUP,UserStatusRecently
213,,995971769,-26938682036889633,Real buyer seller,INDIAN OTP GROUP,UserStatusRecently
214,Local0101,1378573762,6767344925795841140,Local Boy Bhargav,INDIAN OTP GROUP,2023-01-13 10:12:53+00:00
215,MSDHONI00000,5790105529,-4848604618691465262,🇲​​​​​🇷​​​​​,INDIAN OTP GROUP,2023-01-13 15:42:31+00:00
216,,1987713892,559768682696831552,Big bash,INDIAN OTP GROUP,UserStatusRecently
217,Blehh01,1470375469,-7244686874703765437,ㅤㅤㅤㅤㅤㅤㅤㅤㅤㅤㅤㅤㅤㅤㅤ blehh01ㅤㅤㅤㅤㅤㅤㅤㅤㅤㅤㅤㅤㅤㅤㅤㅤㅤㅤㅤㅤㅤㅤ,INDIAN OTP GROUP,UserStatusRecently
218,DEEPU_BOLTE,1578148405,8777597734016283090,々『ᎠᏋᏋᕵᑘ』々,INDIAN OTP GROUP,UserStatusRecently
219,,5949211706,-6094164760302303330,Raja,INDIAN OTP GROUP,2023-01-12 10:08:59+00:00
220,Gavval12,5679087736,-4092232850010021122,Gavval Rohith (Bunny),INDIAN OTP GROUP,2023-01-12 15:01:58+00:00
221,,5727653477,8282160856367790636,Boro,INDIAN OTP GROUP,2023-01-13 16:01:48+00:00
222,,5254628796,-3603053527117822105,༺༻✿𝗦𝗜𝗟𝗘𝗡𝗧×͜×𝗕𝗢𝗬࿐,INDIAN OTP GROUP,UserStatusRecently
223,Glubhaiss,5985975367,3760927061004936879,Glu,INDIAN OTP GROUP,2023-01-13 14:11:39+00:00
224,BORN2PREDICTT,1314862264,6721074222033605941,BORN2PREDICT,INDIAN OTP GROUP,2023-01-13 12:38:31+00:00
225,,916285710,9064165382156068690,DN,INDIAN OTP GROUP,2023-01-13 09:07:32+00:00
226,Kamlamchi,1890168558,-2276647921769476866,٭U͡jjäẅäɭ B۲ö᭄ᴮᴼˢˢ,INDIAN OTP GROUP,2023-01-13 03:25:12+00:00
227,BrianEvans0,5837270302,6092693997537197085,Brian Evans,INDIAN OTP GROUP,2023-01-10 16:35:31+00:00
228,,827131742,-6189570943882757090,otp,INDIAN OTP GROUP,UserStatusLastWeek
229,BeAmanMf,5812756882,9138876910128004527,「Cʏʀᴜs」»「🇮🇳」,INDIAN OTP GROUP,2023-01-13 17:14:39+00:00
230,,5927764435,1473753794795870279,Bastian Döring,INDIAN OTP GROUP,2023-01-12 18:08:44+00:00
231,Hacker0076ek,5146717500,4755653950747522350,Bad,INDIAN OTP GROUP,UserStatusRecently
232,study_B0y,1735726013,-6374116567391592461,study boy,INDIAN OTP GROUP,UserStatusRecently
233,satyakamatwal0,5811678630,6151466966934526597,DREAM BUILDER,INDIAN OTP GROUP,UserStatusRecently
234,,1879062963,-1599542888104313273,bhupender,INDIAN OTP GROUP,UserStatusRecently
235,Voucherproxy,5435611784,-7046816534066823560,Voucher l,INDIAN OTP GROUP,2023-01-13 15:23:15+00:00
236,IndusInd_Mobile_Banking,1834756021,-6132546303069889037,मनोज IndusInd Bank,INDIAN OTP GROUP,UserStatusRecently
237,Yoptoall,1443450546,-6734150585811287709,JOHNSON BOOKINGS,INDIAN OTP GROUP,2023-01-13 15:38:34+00:00
238,botestt,207697508,-554605132944528652,botest,INDIAN OTP GROUP,2023-01-13 08:18:04+00:00
239,bestotpprice,1317452226,-5862191711809080813,Deal only,INDIAN OTP GROUP,UserStatusRecently
240,Ha_1778,5439657351,308864059129216486,BYPASS,INDIAN OTP GROUP,2023-01-13 16:05:44+00:00
241,,5018914368,-2800628507608824341,otp,INDIAN OTP GROUP,2023-01-12 12:39:48+00:00
242,Smart_boy_9,1737046728,-5844496571756757291,Naitik,INDIAN OTP GROUP,2023-01-13 15:17:01+00:00
243,BluBieys,5311837249,2214844995585620687,↸𝐓𝐒𝐌↸,INDIAN OTP GROUP,2023-01-07 08:22:00+00:00
244,ZAYNEE_BOY,1775479721,-8282950495069025208,Z4YN33 B0Y,INDIAN OTP GROUP,UserStatusRecently
245,,2002826431,-8697604303029458650,Gmail,INDIAN OTP GROUP,UserStatusRecently
246,KNOWN_TO_BE_UNKN0WN,956877198,5903309968730055113,☠𝐓𝐄𝐂𝐇𝐍𝐈𝐕𝐀𝐓𝐈𝐎𝐍𝐀𝐋 𝐏𝐀𝐋☠,INDIAN OTP GROUP,UserStatusRecently
247,,5641593563,1112166349187606123,Bhanu,INDIAN OTP GROUP,2023-01-10 22:01:22+00:00
248,brandbattels,1148306673,-2489847888242743330,Evil,INDIAN OTP GROUP,UserStatusRecently
249,,5246730369,723300410910161457,KL bhai,INDIAN OTP GROUP,UserStatusLastMonth
250,,5035434378,-6786733560414366415,BHAVESH,INDIAN OTP GROUP,UserStatusRecently
251,best7905,657966141,1191743467086744264,Srujan,INDIAN OTP GROUP,2023-01-10 11:38:25+00:00
252,Banish_Friseur,5859992581,-6841389978980028956,Танго,INDIAN OTP GROUP,2023-01-06 01:14:29+00:00
253,HUNTER_BAckup,1400775659,5853025227609889127,HUNTER,INDIAN OTP GROUP,UserStatusRecently
254,rajat_bhatia2101,1475639767,-8007936110173840417,Rajat,INDIAN OTP GROUP,UserStatusRecently
255,Hiiiiiiiiii22,1993165265,-8268136971470189223,Playy,INDIAN OTP GROUP,2023-01-13 10:08:42+00:00
256,KINGIXOO,5599647281,6949609512128967716,KING SERVICES,INDIAN OTP GROUP,UserStatusRecently
257,,5918117381,3349926806991869791,Junior backup 💸,INDIAN OTP GROUP,2023-01-06 10:39:28+00:00
258,Bhaibolteji,2041812921,6373294780269102153,Trilok,INDIAN OTP GROUP,2023-01-13 06:50:03+00:00
259,King_kushal,5888560622,2224746657097629216,Baazigar me baazigar,INDIAN OTP GROUP,2023-01-01 04:29:16+00:00
260,boy77555,5662421165,1528782235083318129,Konda,INDIAN OTP GROUP,2023-01-13 10:19:13+00:00
261,SURYABST,1238029147,7877131092799254083,SURYA,INDIAN OTP GROUP,UserStatusRecently
262,sell990,5086955635,5775228754216250164,babri,INDIAN OTP GROUP,UserStatusRecently
263,Czy_bahi,1795893332,-4837529510760715624,paytm boy,INDIAN OTP GROUP,UserStatusRecently
264,luckyBhai1,5276163424,6498063726757283096,Lucky Bhai,INDIAN OTP GROUP,2023-01-13 10:16:27+00:00
265,CAMP_MASTER_47,1863238986,3675899958103927472,BOT,INDIAN OTP GROUP,UserStatusRecently
266,Pyarribae,5657586191,4616851694633271276,Priya,INDIAN OTP GROUP,2023-01-13 11:26:42+00:00
267,bjstwo,1699528900,5970488752404745051,Star,INDIAN OTP GROUP,UserStatusRecently
268,,5569160040,3347982338572570656,IntraDay,INDIAN OTP GROUP,2023-01-12 07:27:23+00:00
269,Bkboss55,1681556374,-2881652199314871231,Rudra,INDIAN OTP GROUP,UserStatusRecently
270,jitusa99,1214463403,-8717942898554173195,Smart,INDIAN OTP GROUP,UserStatusRecently
271,realcard12,918289762,-8372506166680091177,MR.,INDIAN OTP GROUP,2023-01-13 16:45:41+00:00
272,,767915463,7628470161291858654,Sovan,INDIAN OTP GROUP,2023-01-13 15:52:40+00:00
273,Its_Ur_Bro,1880528819,-7887330976391646036,Lion Iz,INDIAN OTP GROUP,UserStatusRecently
274,Believeindia107,1986867392,-7566311118139677690,Believe,INDIAN OTP GROUP,2023-01-13 17:31:52+00:00
275,,1813405838,9208942955431518473,B,INDIAN OTP GROUP,2023-01-13 16:00:53+00:00
276,xtzBD,1223536456,-7741269170928391536,۞ 𝐁𝐢𝐤𝐫𝐚𝐦 𝐃𝐚𝐬 :,INDIAN OTP GROUP,UserStatusRecently
277,,5644333468,-653427343287396527,Meya,INDIAN OTP GROUP,2023-01-12 00:25:43+00:00
278,,5408952660,7396601346833408007,Gmail,INDIAN OTP GROUP,2023-01-13 04:17:08+00:00
279,,5374028246,-3721414256017789525,BIKRAM,INDIAN OTP GROUP,2023-01-13 13:35:27+00:00
280,,1207762193,7453121511258336855,Ballu,INDIAN OTP GROUP,2023-01-10 15:21:22+00:00
281,,5819676270,-1841605327729411305,bhujjjiiii,INDIAN OTP GROUP,2023-01-13 17:07:57+00:00
282,BitcoinEscobar,700262631,2326634884459253064,Bitcoin,INDIAN OTP GROUP,2023-01-13 15:09:40+00:00
283,Bohemia_xd,2053682747,9126970139812397398,Bohemia,INDIAN OTP GROUP,UserStatusLastMonth
284,bbbcuh,5143249474,887174284054602058,Rock,INDIAN OTP GROUP,UserStatusRecently
285,,5410339229,-2991376220496564278,M,INDIAN OTP GROUP,2022-12-26 04:46:43+00:00
286,Telanganaporadu,908102378,-7150604012066940587,Boss,INDIAN OTP GROUP,UserStatusRecently
287,indusind_Bank_open,5295040956,1368917231031565077,Dinesh,INDIAN OTP GROUP,2023-01-12 13:57:29+00:00
288,vientams,1497886090,8617923751759369028,☬₣ℜøźєη•₣ℓα₥єֆ☬ ( Buyer) Never dm you first,INDIAN OTP GROUP,UserStatusRecently
289,Xkdjdmd,5951248972,-7469351437501121012,deep,INDIAN OTP GROUP,2023-01-13 03:07:35+00:00
290,BUCKYBST7,5588942902,5916891617809721512,BUCKY,INDIAN OTP GROUP,2022-12-28 04:58:44+00:00
291,Deathcrush1811,1397786016,-35825743993428682,༒Bad☠Boy༒✨,INDIAN OTP GROUP,UserStatusRecently
292,paylatertransfer,5371124719,-7486577998374383982,Pay Later,INDIAN OTP GROUP,2022-12-23 06:12:26+00:00
293,Brandgarg,1373615163,-5489991467482050428,Brand,INDIAN OTP GROUP,UserStatusRecently
294,,569803742,-7488312920194665369,babu sahab,INDIAN OTP GROUP,UserStatusRecently
295,Dailyearningarmy,1432319263,-5428995546244295244,Daily Online Earning🤑🤑Krne ke liye mera channel🫡🥹,INDIAN OTP GROUP,2023-01-13 16:14:28+00:00
296,BUYOTP_OWNER,5651254823,5369942823680051262,ㅤㅤ,INDIAN OTP GROUP,UserStatusLastWeek
297,SHIV_BHAK,1534338534,964158019318485987,shiv kumar,INDIAN OTP GROUP,UserStatusRecently
298,Badboi_s,1228024896,-7978281549597263868,Badbois,INDIAN OTP GROUP,2023-01-13 17:41:45+00:00
299,,2025870917,1816691181570534371,Best,INDIAN OTP GROUP,2023-01-13 11:11:20+00:00
300,Basu987,5346150017,-6528465591025403257,Sohan,INDIAN OTP GROUP,2023-01-13 15:56:08+00:00
301,b_u_b_o_n,831153918,-2746004508107868483,Бубон️ (CHAT В BIO),INDIAN OTP GROUP,UserStatusRecently
302,,876734673,1204445906890551959,Badsha,INDIAN OTP GROUP,UserStatusLastMonth
303,Tufankadewta,5476783015,-4814615592146455412,BTC,INDIAN OTP GROUP,2023-01-13 08:31:46+00:00
304,Business_Support0,1907556238,2159636771968599975,SUPPORT,INDIAN OTP GROUP,2023-01-13 16:55:37+00:00
305,,5805118498,312994350234627489,OTP,INDIAN OTP GROUP,2022-12-04 15:17:21+00:00
306,desaibhikhu,507206621,-6013143777535845341,Bhikhu,INDIAN OTP GROUP,2023-01-13 13:28:36+00:00
307,selller_boy,5949636884,-6125653104518004257,Seller,INDIAN OTP GROUP,NoneType
308,IT_IZ_HILLARIOUS,5566113788,-197109601506583452,【﻿Ｄｒａｇｏｎ Ｉｎｆｉｎｉｔｙ】,INDIAN OTP GROUP,NoneType
309,SumitB29,5928472972,8263539266184114298,Sumit,INDIAN OTP GROUP,2022-11-28 12:08:54+00:00
310,mk_abbas53_Backup,1179528280,-1247075809891104860,YT 4M @15,INDIAN OTP GROUP,2023-01-13 07:04:23+00:00
311,BlackManta_xd,1892244877,6758075200154930952,「Bʟᴀᴄᴋ,INDIAN OTP GROUP,2023-01-03 13:49:50+00:00
312,unique0000j,1832993535,-8643434758582432553,Brazzers,INDIAN OTP GROUP,UserStatusRecently
313,Bog_finder07,1636335172,-1229163812476829997,Bog,INDIAN OTP GROUP,2023-01-13 17:12:34+00:00
314,RAJVIR7246Q,5555313812,-3468365139290846842,OWNER OF,INDIAN OTP GROUP,2023-01-13 17:28:15+00:00
315,SHREEF_B0Y,5302494699,-1178621547682963571,𝚂𝙷𝙰𝚁𝙴𝙴𝙵 𝙱𝙾𝚈,INDIAN OTP GROUP,UserStatusRecently
316,SharonCBrito,5702603519,-3159767768951305670,Sharon,INDIAN OTP GROUP,2022-11-24 22:36:27+00:00
317,PriscillaRBatt,5647071987,6459838597284410002,Priscilla,INDIAN OTP GROUP,2022-11-24 22:21:31+00:00
318,BonnieJRedman,5752442826,-6170935742309432339,Bonnie,INDIAN OTP GROUP,2022-11-24 22:47:51+00:00
319,,1011846109,-6154431618206804811,Rounak bhai,INDIAN OTP GROUP,2023-01-13 12:58:09+00:00
320,Kuldeep_13,716811301,-3154158275916022407,BE,INDIAN OTP GROUP,UserStatusRecently
321,,5654934006,4873260532335373984,Nina Brunner,INDIAN OTP GROUP,2022-11-19 09:48:04+00:00
322,RajatBaranDas,1387255359,-7205560392145083362,Rajat,INDIAN OTP GROUP,UserStatusRecently
323,BellaLango,5553635172,1353159312247596351,Bella Lang,INDIAN OTP GROUP,UserStatusLastMonth
324,TriciaBrown,5461065975,-3936061270768320993,Tricia Brown,INDIAN OTP GROUP,UserStatusLastMonth
325,PetraBowman,5783279150,-4973436514186531777,Petra Bowman,INDIAN OTP GROUP,NoneType
326,legitbrotherishere,1063147596,5995779973240311225,munna,INDIAN OTP GROUP,UserStatusRecently
327,,1944003447,-5135274114960860366,Bharat,INDIAN OTP GROUP,2022-11-18 03:11:50+00:00
328,otc_god,5153625994,-6920913027951630168,Blaze,INDIAN OTP GROUP,UserStatusRecently
329,BADBOY_XY,5736792633,7702917673587794991,𝐁𝐀𝐃𝐁𝐎𝐘-𝐗𝐘,INDIAN OTP GROUP,2023-01-13 17:40:49+00:00
330,Believe0007,1989694273,8894189313156646539,believe,INDIAN OTP GROUP,UserStatusRecently
331,blackpremwhite,969947882,-1629794737496645435,buttercup •,INDIAN OTP GROUP,UserStatusRecently
332,mostbuyer,1202483723,-6915849715448046312,Most buyer,INDIAN OTP GROUP,UserStatusRecently
333,doc234345678,1910394143,334684854539613077,Buyrs,INDIAN OTP GROUP,UserStatusRecently
334,,5697879372,296982119154718758,Barabal MacEalar,INDIAN OTP GROUP,2023-01-07 14:29:54+00:00
335,escrow_boii,922109015,5077320152074695751,USER ESCROW,INDIAN OTP GROUP,UserStatusRecently
336,BYSarika143,5609120613,8935991645735443726,Sarika,INDIAN OTP GROUP,UserStatusRecently
337,Freinds5747,1777617090,1052349313435839661,Beast,INDIAN OTP GROUP,2023-01-08 11:01:41+00:00
338,M_BooI,919675180,-5248162611434765786,Criminal,INDIAN OTP GROUP,2023-01-13 14:31:12+00:00
339,Franksmen,1407866862,2405131484585605135,Renewal netflix buyer,INDIAN OTP GROUP,UserStatusRecently
340,Davidbro69,1744177822,8087814529219931248,Davi_d,INDIAN OTP GROUP,UserStatusRecently
341,Pyl1286,5510432567,-7964716487348014041,Riya,INDIAN OTP GROUP,2022-12-15 17:02:37+00:00
342,bro8483,2040222072,-831349124147194803,Priya,INDIAN OTP GROUP,2023-01-13 10:45:05+00:00
343,Dominik457,5213392931,-7943763892004627195,De best,INDIAN OTP GROUP,UserStatusRecently
344,,5059603957,1895562454370418509,Biki,INDIAN OTP GROUP,2023-01-11 15:47:50+00:00
345,,5702965424,3101935840059252239,Money bhai Ads,INDIAN OTP GROUP,2022-11-13 09:17:40+00:00
346,Vilivodo,5504468814,-7555265326195973494,Bank OF,INDIAN OTP GROUP,UserStatusRecently
347,btc_xx09,5381646355,2315179959380927715,xeron,INDIAN OTP GROUP,UserStatusLastMonth
348,bad_king_123,5251464856,-32456784747396767,BAD,INDIAN OTP GROUP,2022-12-24 16:25:19+00:00
349,Beastof126,1912536259,-1628415342011890667,115Beast,INDIAN OTP GROUP,2023-01-13 04:42:06+00:00
350,Bharatkumar7460,5094585258,8849519779864856494,Bharat,INDIAN OTP GROUP,UserStatusRecently
351,,5316382552,-8291473482646365634,Roger Bowman,INDIAN OTP GROUP,2022-12-10 08:11:11+00:00
352,iqbal76964,1921284825,-5629518336262425607,Be,INDIAN OTP GROUP,2023-01-12 15:58:13+00:00
353,ASHUBHAl,5652743091,3554002904738674641,🄰🅂🄷🅄 🄱🄷🄰🄸 🅂🄴🄻🄻🄸🄽🄶 🄷🅄🄱,INDIAN OTP GROUP,UserStatusLastMonth
354,kshitiz_8916,1046106942,7522966091621472987,Kshitiz,INDIAN OTP GROUP,UserStatusLastMonth
355,,5699150918,8068468925604808722,Arnisa Bogdani,INDIAN OTP GROUP,2022-10-29 03:53:44+00:00
356,,5609322957,-5925750704942881294,Phil Brandt,INDIAN OTP GROUP,2023-01-10 07:40:13+00:00
357,btraaz1,1103874973,-3640553416455109241,𝙈𝙆 𝙄𝙎𝙇𝘼𝙈,INDIAN OTP GROUP,UserStatusRecently
358,,1074371513,8695984896414951948,Anil,INDIAN OTP GROUP,UserStatusLastMonth
359,,5604573207,-8670984247106488345,Endri Bogdani,INDIAN OTP GROUP,UserStatusLastMonth
360,,5691288672,4893861833496184481,Hero,INDIAN OTP GROUP,2022-11-16 16:34:34+00:00
361,BusyHuBSDK,1711429165,1182686344311972246,乃ＬＡＣＫ 卩ＡＮＴＨＥＲ,INDIAN OTP GROUP,UserStatusRecently
362,Reynold619,5408424166,1019008314090647740,reynold,INDIAN OTP GROUP,2023-01-05 18:35:09+00:00
363,smokemoon007,1586408992,986927702423897539,🥀🔥Smøķêmoõñ™🔥🥀⁣(Check Bio),INDIAN OTP GROUP,UserStatusLastMonth
364,Unkownn_Boyyy,5123061961,8563442865215225759,Unkown Boy,INDIAN OTP GROUP,2023-01-13 03:30:02+00:00
365,,782012109,1798082965828406333,Abhishek,INDIAN OTP GROUP,2023-01-13 15:21:53+00:00
366,mylord_lip,5032560467,6229997744517248165,Mylord,INDIAN OTP GROUP,UserStatusLastMonth
367,,5615834109,2289484083507417177,Bradley Murray,INDIAN OTP GROUP,2022-11-12 06:57:53+00:00
368,Biggrandleage,1655164408,4025446797499018759,Majid,INDIAN OTP GROUP,NoneType
369,,5633718098,4883206283362324148,All,INDIAN OTP GROUP,2022-11-24 04:06:18+00:00
370,Hisannu,5360712603,8019517769156293389,Anika bhardwaj,INDIAN OTP GROUP,2023-01-12 11:49:03+00:00
371,Sexbabadf,5776563534,2831751745810380519,S҉e҉x҉ ҉b҉a҉b҉a҉,INDIAN OTP GROUP,2023-01-10 19:04:54+00:00
372,Alone_boy_army1,5293404177,272254448756247529,Tom [ Aʅσɳҽ ] ™,INDIAN OTP GROUP,NoneType
373,Bsjkd99,2094849585,7921477865058576117,Joydeb,INDIAN OTP GROUP,2023-01-07 01:19:54+00:00
374,baryonMXX,5525952873,-2849358095602225278,𝐁𝐀𝐑𝐘𝐎𝐍,INDIAN OTP GROUP,2022-11-19 06:43:37+00:00
375,Rahul_killer_69,5067155671,6439912059934048140,Happy,INDIAN OTP GROUP,NoneType
376,,5897721507,5735549904826393482,Karan,INDIAN OTP GROUP,UserStatusOnline
377,christopher00007,5739508863,1852782935169909561,Č Ĥ Ŕ Ĩ Ś™(Recovery),INDIAN OTP GROUP,2023-01-13 17:20:46+00:00
378,Tt1pH,5222687108,-2852207200401694434,KINGEXCHANGE,INDIAN OTP GROUP,2023-01-13 17:53:23+00:00
379,JIO_Recharge_service,1883574094,7898918693106228316,लक्ष्मण ( JIO RECHARGE SERVICE ID CREATOR ),INDIAN OTP GROUP,UserStatusRecently
380,nobita_sizu,1707912048,-1520997023612032719,𓆩🖤𝐂ᥣվᑯᥱ 🖤𓆪 [🇮🇳]™,INDIAN OTP GROUP,2023-01-13 15:28:24+00:00
381,Crazyseller786,5288075371,-5859723979040014557,Crazy,INDIAN OTP GROUP,UserStatusRecently
382,,5424585470,-4748920442792170795,jackia,INDIAN OTP GROUP,2023-01-12 17:38:34+00:00
383,Custom_M12,2093789888,4377367757658648063,custom,INDIAN OTP GROUP,UserStatusRecently
384,chumtuya,1109375083,2838988819496542139,culture,INDIAN OTP GROUP,2023-01-13 15:45:58+00:00
385,Jagougg,1801973712,2596391628378059967,N C,INDIAN OTP GROUP,UserStatusRecently
386,CyberDealHub,1322060428,2865570246491207829,White Ninja√,INDIAN OTP GROUP,UserStatusRecently
387,Chiragture,2024285698,-3007877754749735902,👑 𝐌𝐑.𝐂𝐇𝐈𝐑𝐀𝐆 👑,INDIAN OTP GROUP,UserStatusRecently
388,,1883748982,-474440561338878409,Earning campaign,INDIAN OTP GROUP,UserStatusRecently
389,HaroldCampbell,5849759301,3474327118449072542,Harold Campbell,INDIAN OTP GROUP,2023-01-12 04:38:01+00:00
390,CarlMartinez,5942204928,8284732476806001958,Carl Martinez,INDIAN OTP GROUP,2023-01-10 16:35:45+00:00
391,cheapseller122,1263269662,5263801899018440679,Daddy⚡️,INDIAN OTP GROUP,2023-01-13 17:36:34+00:00
392,IRCTC_ID,1621521314,6139826979911173490,IRCTC,INDIAN OTP GROUP,UserStatusRecently
393,Creditcardsellers05,1446917494,-1992111455871788029,credit cards,INDIAN OTP GROUP,2023-01-13 08:38:50+00:00
394,pandat_g_0009,1467873656,6652923336099965216,Chetan,INDIAN OTP GROUP,UserStatusLastWeek
395,ccmikdero,5466757560,2781816174594300384,cc,INDIAN OTP GROUP,2023-01-13 09:54:31+00:00
396,Phantom_070,1996663117,-7764268976944901665,Carder,INDIAN OTP GROUP,UserStatusRecently
397,Cyberwarrior38,5120384088,-8868146868665270993,ᴄʏʙᴇʀ ᴡᴀʀʀɪᴏʀ,INDIAN OTP GROUP,UserStatusRecently
398,COOE_HACKING,1327274488,-459478018330255667,COOE HACKER,INDIAN OTP GROUP,UserStatusRecently
399,CORE_FF,1179741979,2017034163078750435,CORE FF,INDIAN OTP GROUP,UserStatusLastMonth
400,CP_SELLER2,5413980084,7456532530135988370,𝙉𝙉™】 『𝟰𝝣𝗬𝝣𝗭』 【Fв™】,INDIAN OTP GROUP,UserStatusRecently
401,Immortal0B,626431913,8562553375162525708,Tribal,INDIAN OTP GROUP,UserStatusRecently
402,Consciouswork,5014009755,-5230311332557148599,Conscious,INDIAN OTP GROUP,2023-01-13 16:10:31+00:00
403,cruellacp3,5824187566,3113212384291700201,DARKWEB SELLER (Dm For Proofs),INDIAN OTP GROUP,2023-01-13 15:01:51+00:00
404,Cruellacp2,5924730721,8646976409871539272,DARKWEB SELLER (Dm For Proofs),INDIAN OTP GROUP,UserStatusRecently
405,,5299495341,-8929098225357990531,Chieu,INDIAN OTP GROUP,2023-01-13 16:04:26+00:00
406,Cprpking,5159588477,4888696551067046306,Purnima,INDIAN OTP GROUP,UserStatusLastWeek
407,chennaisupersking,5076485142,3960979281156411226,WORKER,INDIAN OTP GROUP,UserStatusRecently
408,,1485488503,3716446613655560839,Sunil,INDIAN OTP GROUP,UserStatusRecently
409,Nikhishaw45,5349126292,6891754335279701935,⛦⃕͜𝗘𝗟𝗜𝗧𝗘一𒆜』 ❛ 🇦𝐂𝐂𝐎𝐔𝐍𝐭 𝐒𝐄𝐋𝐋𝐄𝐑 ❜⏤͟͟͞-,INDIAN OTP GROUP,UserStatusOnline
410,GuilhermeCarvalho22,5983503409,-9220096090779003894,Guilherme Carvalho,INDIAN OTP GROUP,2023-01-11 01:26:24+00:00
411,Sachin10108,2072716824,-1838959981772667585,Sachin,INDIAN OTP GROUP,2023-01-13 17:01:05+00:00
412,daisycruz123,5870574873,216289758281770808,Daisy,INDIAN OTP GROUP,2023-01-13 17:39:13+00:00
413,,5440690058,1960040124330317088,Crush,INDIAN OTP GROUP,2023-01-04 07:16:43+00:00
414,,5689218759,-2841420565861599699,charlie,INDIAN OTP GROUP,2022-12-19 08:46:20+00:00
415,Lilubhai123,1622464562,9059475827042475151,Cobra,INDIAN OTP GROUP,UserStatusRecently
416,therealhellboy,974365395,5693066118003077249,HÊLLBØY,INDIAN OTP GROUP,UserStatusRecently
417,,5072653116,4485859605943623881,ERNING,INDIAN OTP GROUP,2023-01-13 16:28:15+00:00
418,chomu420,1245411928,-1436898691773475540,G,INDIAN OTP GROUP,UserStatusLastMonth
419,CampaignwalaZ,1177689313,3758463622524213446,Campaign,INDIAN OTP GROUP,2023-01-11 15:55:38+00:00
420,CRIMINAL_PAID_PROMO,5070126636,1795304743674201994,𝘾𝙍𝙄𝙈𝙄𝙉𝘼𝙇,INDIAN OTP GROUP,2023-01-13 13:48:48+00:00
421,Cashback0000777,1809588609,-3807588735214230487,raju,INDIAN OTP GROUP,UserStatusRecently
422,,5919056467,7565938131072699695,Milagros Chaney,INDIAN OTP GROUP,2022-12-09 03:02:50+00:00
423,City0pay,2007680250,2977886772517132460,Rose,INDIAN OTP GROUP,2023-01-13 14:42:30+00:00
424,,5870950533,-774628484812312589,💯 ( 𝗚𝗜𝗙𝗧 𝗖𝗔𝗥𝗗 𝗦𝗘𝗟𝗟𝗘𝗥 ) 💯,INDIAN OTP GROUP,UserStatusRecently
425,Cryptojazz11,1240412904,4310265458760301277,cryptojazz11,INDIAN OTP GROUP,UserStatusRecently
426,CP_SELLER_R,1682985979,7209728012109482276,papa,INDIAN OTP GROUP,UserStatusRecently
427,Cap12344,5863648219,4631912158171810018,Surya,INDIAN OTP GROUP,2022-11-27 10:42:03+00:00
428,Mrs_chhavi,1873880653,-4312995656699627749,Chaavi,INDIAN OTP GROUP,UserStatusLastMonth
429,Mankw2,1652447682,4872813111974524970,Manak,INDIAN OTP GROUP,UserStatusOnline
430,cmoore19,1633556922,8576371275318111294,John,INDIAN OTP GROUP,2023-01-13 11:44:14+00:00
431,chillmarbro66,1561693959,1429858653238250408,Tejas,INDIAN OTP GROUP,2023-01-13 06:16:41+00:00
432,JuanJCox,5735100306,2420074732764298279,Juan,INDIAN OTP GROUP,2022-12-06 00:50:37+00:00
433,,5797887374,359510989910355655,Mathias Christensen,INDIAN OTP GROUP,2023-01-06 14:17:48+00:00
434,Cyberopv,5361587559,7416556178135313245,ᴄʏʙᴇʀᴏ ᅠ,INDIAN OTP GROUP,2023-01-11 18:20:05+00:00
435,Sd7777777,5601903456,4913636730065537497,Miss,INDIAN OTP GROUP,2023-01-05 18:54:39+00:00
436,AngelitaCarr,5652790836,-4528768975668881990,Angelita Carr,INDIAN OTP GROUP,UserStatusLastMonth
437,CassidyDeleon,5692525077,-3620459094090299493,Cassidy Deleon,INDIAN OTP GROUP,UserStatusLastMonth
438,CAMPAIGN67,1160170429,4808350683629512953,EARNING,INDIAN OTP GROUP,UserStatusRecently
439,Charismatic04,1304802783,6097849210641109027,தமிழன்,INDIAN OTP GROUP,UserStatusRecently
440,,5473036858,4091486984124846708,Carla Gamble,INDIAN OTP GROUP,NoneType
441,,5579639155,844127500169631530,Cheftzibah Arad,INDIAN OTP GROUP,NoneType
442,,1552538767,-6732442469845690711,®️©️,INDIAN OTP GROUP,2023-01-13 17:20:36+00:00
443,,5086667488,-742127657588991744,Deepak,INDIAN OTP GROUP,2023-01-11 11:38:32+00:00
444,,5459230366,8984193769275803397,Qiáo Changming,INDIAN OTP GROUP,NoneType
445,,5645924343,-4097529760226575328,Isla,INDIAN OTP GROUP,2022-12-07 11:58:29+00:00
446,,725571993,-4973575880842577002,Suℝesђ_cђoudђaℝy1818,INDIAN OTP GROUP,2023-01-12 06:02:31+00:00
447,,5399842804,-3115629756557536043,Crystal Rose,INDIAN OTP GROUP,2022-12-16 09:54:54+00:00
448,Cryp70nic,1358490410,2720128448089253048,Cryptonic,INDIAN OTP GROUP,UserStatusRecently
449,cruellacp1,5589355217,159351975406588032,Darkweb Seller (Dm For Proofs),INDIAN OTP GROUP,2023-01-13 16:38:35+00:00
450,MSS0901,825886364,-8272872598850639023,Mohit,INDIAN OTP GROUP,UserStatusRecently
451,Ryzon7,5448293852,-2894900194236845470,Cali,INDIAN OTP GROUP,UserStatusLastMonth
452,cvrsss1,5028675441,-6204009426575597080,K,INDIAN OTP GROUP,2023-01-11 23:18:46+00:00
453,GIFTCARD5,5258983020,-7110817253512646198,gift card seller,INDIAN OTP GROUP,UserStatusLastMonth
454,cryptobrea4,5146265537,4005967731729530256,Money,INDIAN OTP GROUP,2022-10-28 03:44:22+00:00
455,RoyCK312,686020666,4196145267641501919,Chirag,INDIAN OTP GROUP,UserStatusRecently
456,,5665302184,2004212900997247718,Pranav,INDIAN OTP GROUP,2022-10-22 18:40:33+00:00
457,Hnt14,5013292497,6136240648292897565,H.C.G owner,INDIAN OTP GROUP,2023-01-12 10:13:40+00:00
458,PROFESSOR_CC_SELLER,2086323724,583644604519199585,FᵤCₖ ₒfF,INDIAN OTP GROUP,UserStatusRecently
459,,1635634666,-1825247666304172516,Chintu,INDIAN OTP GROUP,2023-01-13 17:41:23+00:00
460,,1950822902,1527256730918964226,Paytm,INDIAN OTP GROUP,2023-01-12 13:29:55+00:00
461,pdd00001,5419965138,5000981986325858868,Aman,INDIAN OTP GROUP,UserStatusRecently
462,chaina_manger,2035853267,-7677301374766578835,ilon koi,INDIAN OTP GROUP,2023-01-09 09:50:32+00:00
463,,5218617038,6372639490749484984,Sanchit,INDIAN OTP GROUP,2023-01-13 13:25:36+00:00
464,Leave_Tele,5293416833,9206557739307583778,Crust Shadow Community,INDIAN OTP GROUP,2022-10-11 23:02:52+00:00
465,,5415071472,-5552995800776574408,G C SELLER,INDIAN OTP GROUP,2022-10-10 08:05:12+00:00
466,Chachasexy,1690011709,4092582126522587212,UDAY,INDIAN OTP GROUP,2023-01-13 17:54:06+00:00
467,Eswarcharan33,905244318,5401650508551298518,eswar,INDIAN OTP GROUP,UserStatusRecently
468,,5495200961,5254439867152553713,Chandrakant,INDIAN OTP GROUP,2022-09-30 12:06:29+00:00
469,ErVikaschaudhary,1431573110,7163772583863986409,I'm,INDIAN OTP GROUP,2023-01-13 16:33:01+00:00
470,,5502372145,-921952571517266886,CHUNHUA,INDIAN OTP GROUP,2022-11-02 21:44:20+00:00
471,ghjdgh357,5166732990,-6423565973964518113,G ..C,INDIAN OTP GROUP,2022-09-26 15:14:29+00:00
472,cindy94815,5435623412,-4889036280513215405,Cindy,INDIAN OTP GROUP,NoneType
473,harshal4828,5006902622,-5218088769407431167,Think,INDIAN OTP GROUP,2023-01-10 19:02:37+00:00
474,Bayer_dot_com,1946344450,7513599481455722338,Srinivas,INDIAN OTP GROUP,UserStatusRecently
475,Koushik9777,5435005606,-8427567162652308305,Koushik Chatterjee,INDIAN OTP GROUP,2022-10-21 13:18:13+00:00
476,Nidhi_cum,1609539639,5187631261292766241,𝗡𝗜𝗗𝗛𝗜 𝗖𝗔𝗠,INDIAN OTP GROUP,2022-12-29 07:28:18+00:00
477,COD_MAN_11,5174652363,7388606337838480203,FULL ___{COD}___,INDIAN OTP GROUP,2023-01-10 11:14:04+00:00
478,,5605890463,6223382626900502510,Ashish,INDIAN OTP GROUP,2022-09-22 11:49:59+00:00
479,,5502643955,3710188979843333785,Chide Print,INDIAN OTP GROUP,2022-09-11 12:10:25+00:00
480,Eazymate,1898862873,4214537324524158578,Crypto Perfectionist,INDIAN OTP GROUP,UserStatusRecently
481,,5705597933,-5587901811455749964,Corrinne Halton,INDIAN OTP GROUP,2022-09-15 22:06:48+00:00
482,Jeetu112,1277763920,-1048548622689883991,Jeetu,INDIAN OTP GROUP,UserStatusRecently
483,,5150082324,-8274717316750975082,Celia Prieto,INDIAN OTP GROUP,2022-09-07 17:16:05+00:00
484,,5530743515,6522229032299091078,William,INDIAN OTP GROUP,2022-09-11 19:08:29+00:00
485,COD_MASTER1,1206313063,8760119824572169380,COD_MASTER,INDIAN OTP GROUP,2022-12-25 06:59:28+00:00
486,Vinit324,1216739299,-6634139139189477418,Ck,INDIAN OTP GROUP,UserStatusRecently
487,,1271292918,3472682061957517951,Chandrakanta,INDIAN OTP GROUP,2023-01-13 02:52:06+00:00
488,Cryptocom_FAQ33,5741812572,2547665502673104287,Crypto.com FAQ,INDIAN OTP GROUP,NoneType
489,LouisSuede,2118630714,2581512234291103988,Mr.,INDIAN OTP GROUP,UserStatusLastMonth
490,Cse778,5169259006,-6485303338372449617,S,INDIAN OTP GROUP,UserStatusRecently
491,cashoutrondo2,5271083278,-862796559366331599,Cashout,INDIAN OTP GROUP,2022-10-26 18:15:01+00:00
492,,1958117460,182256955516997218,Aryan,INDIAN OTP GROUP,2022-08-30 14:20:20+00:00
493,,1850021180,8007734118516782571,Vivek,INDIAN OTP GROUP,NoneType
494,OnIIine_DeaIs_venom,5494356950,5226739683945109832,Venom carder,INDIAN OTP GROUP,NoneType
495,Jakmoo,5416027534,-4418488285298432312,Mak,INDIAN OTP GROUP,2023-01-13 16:06:12+00:00
496,Meta_15701,1743359072,-2142283595970872611,Creator,INDIAN OTP GROUP,UserStatusRecently
497,casinogoa,5383833091,6716564607614854372,GOA NEHA CASINO,INDIAN OTP GROUP,UserStatusRecently
498,,812239018,-8010039943800975625,Kala,INDIAN OTP GROUP,2023-01-07 05:48:07+00:00
499,Tonystarkwithvibranium,5410890631,-2819274798479252830,░F░i░r░e░b░i░r░d░ ░S░h░o░p░p░e░,INDIAN OTP GROUP,UserStatusLastWeek
500,Crypto_Mining_i980,1949326465,-4231871396335951216,Crypto,INDIAN OTP GROUP,NoneType
501,,5543691032,-7552471915390528802,Christian,INDIAN OTP GROUP,2022-08-16 23:40:23+00:00
502,Vhfjssjjddj,5467938390,8168722398932488731,CYBER BACKUP,INDIAN OTP GROUP,NoneType
503,Carla_Elite,1293060224,-3867306201307688514,Carla,INDIAN OTP GROUP,UserStatusRecently
504,jOB_ORIENTED,5422796556,3041030879205251749,ADULT CHATTING GROUP ON SALE,INDIAN OTP GROUP,2022-09-14 16:47:28+00:00
505,A_B_C_X2,5585982427,6069713557351685652,Dishu,INDIAN OTP GROUP,2022-08-12 18:06:30+00:00
506,,5536563482,-3364220885427106493,Claudius Phine,INDIAN OTP GROUP,2022-08-19 04:47:02+00:00
507,Aryan_crypto786,759586134,-5083991703330491849,Aryan,INDIAN OTP GROUP,UserStatusRecently
508,Jilasp,1406545929,8367134013579486811,Krishna,INDIAN OTP GROUP,2022-08-30 11:52:11+00:00
509,candy_s7,1623642377,-4295025556963101515,Escrow buyers and sellers,INDIAN OTP GROUP,2022-12-28 03:06:35+00:00
510,Campagin1,1436769720,4338228557951146868,ishant,INDIAN OTP GROUP,2023-01-12 15:03:10+00:00
511,CROSS_KING_MANEGER,2047081162,280251465419761754,John,INDIAN OTP GROUP,2023-01-07 20:54:59+00:00
512,CC_Online_as,1802237564,825380844062318622,A,INDIAN OTP GROUP,UserStatusLastMonth
513,SteveDatoolguy,5506711649,4845573625939818181,SteveDatoolguy.com,INDIAN OTP GROUP,2022-12-10 19:06:00+00:00
514,Gvseller14,5280140343,-8591055782430272287,Raihan,INDIAN OTP GROUP,2023-01-13 16:36:08+00:00
515,Champak_15,1904345739,6635037720557930531,🇮🇳 | 𝗖𝗛𝗔𝗠𝗣𝗔𝗞𝗟𝗔𝗟,INDIAN OTP GROUP,NoneType
516,elmer1212,5358219375,-8574101585457804346,cnila,INDIAN OTP GROUP,2022-11-18 14:25:11+00:00
517,terayaar_jigri_2,1685266788,6906059351073253227,Crown 👑 Guy,INDIAN OTP GROUP,UserStatusRecently
518,,1980207099,4569024299294893963,Dharmrndra Chauhan,INDIAN OTP GROUP,2023-01-13 16:31:42+00:00
519,,5424351395,7381295718023629683,Agent Colour,INDIAN OTP GROUP,2022-10-23 16:36:57+00:00
520,Cashbackofficial2,1928954161,4983663883482019660,महादेव,INDIAN OTP GROUP,2023-01-13 16:16:22+00:00
521,,5187133133,4223051400311451089,Judy,INDIAN OTP GROUP,2022-07-31 11:59:56+00:00
522,Bolo287,860349942,-7452274952967615275,DHANJIT,INDIAN OTP GROUP,UserStatusRecently
523,Cashe_56,5130988836,-5256928008577121075,cashe,INDIAN OTP GROUP,2022-11-25 18:44:10+00:00
524,terayaar_jigri,548597392,3416532639839792749,Crown 👑 Guy,INDIAN OTP GROUP,UserStatusRecently
525,carrascoqq,5301709615,898462768327447033,Cristina Carrasco,INDIAN OTP GROUP,UserStatusLastWeek
526,,5561253391,3498289264038573723,carding,INDIAN OTP GROUP,2022-08-06 09:17:52+00:00
527,,5385343232,-5112020473552361083,otp chahiye to massage koro,INDIAN OTP GROUP,2022-07-21 12:51:43+00:00
528,VerifiedBlackTrader,1355306723,8859854576237980937,B L A C K ™,INDIAN OTP GROUP,UserStatusLastWeek
529,CareerSupport1,1332384753,-2436463092660012687,Career,INDIAN OTP GROUP,2022-11-24 04:46:43+00:00
530,XxxTRr,1127148053,-5077089246410160955,Otp sellar,INDIAN OTP GROUP,UserStatusRecently
531,,5425045352,9186362660255846787,Chandu,INDIAN OTP GROUP,2022-07-20 01:41:34+00:00
532,,5008872032,135503474597880137,Ganpat,INDIAN OTP GROUP,2022-09-28 04:21:07+00:00
533,crypto_loots_team,1663622219,8505265198181966730,Mr,INDIAN OTP GROUP,UserStatusRecently
534,Sitamatarandi,5080580036,-7535862462407377882,sita mata randi (Hindu randio ko chodne wala) 🔥,INDIAN OTP GROUP,UserStatusRecently
535,CARRYMINATI37,5189405549,1691690582873886283,🆘,INDIAN OTP GROUP,UserStatusRecently
536,,1652717932,-3077471806862708254,Rahul,INDIAN OTP GROUP,2023-01-13 14:42:37+00:00
537,CryptoFX_investor,5488240835,3771901954029927219,Catarina Matínez Eduado,INDIAN OTP GROUP,2022-07-21 21:40:12+00:00
538,Indian_fc_business_500_200_notes,2053267914,-2469756001442700272,currency,INDIAN OTP GROUP,2022-08-08 10:29:11+00:00
539,nagar_5634,5160359842,-2512443641465287735,Nagar,INDIAN OTP GROUP,UserStatusLastWeek
540,seller_realy,1406836643,-945152393736601690,Selling,INDIAN OTP GROUP,UserStatusOnline
541,,5591083583,-4572545607482905869,Casadra,INDIAN OTP GROUP,2022-07-16 09:32:11+00:00
542,,5583838736,7061628242959053059,Ticket Music Concert Seller,INDIAN OTP GROUP,2022-07-11 07:49:29+00:00
543,Champakchachaa,1840756569,-1531636266021424425,Cool dude,INDIAN OTP GROUP,2022-11-03 09:02:39+00:00
544,nasirmirza001,5235934701,7326320975133946253,google,INDIAN OTP GROUP,2023-01-02 17:32:14+00:00
545,,5468059478,8312602859580279355,CHARLES,INDIAN OTP GROUP,2022-11-07 23:30:12+00:00
546,,5335355854,-1888228429046863270,Cahhio,INDIAN OTP GROUP,2022-08-31 13:37:34+00:00
547,Mrdeelip007,671856937,-1631539538786326388,Dilip Prajapat,INDIAN OTP GROUP,UserStatusRecently
548,Trustee714,5284937129,1195194945929447345,Cashback,INDIAN OTP GROUP,2023-01-02 12:51:07+00:00
549,NOOBULTRA,1906939769,5630922786753719232,『𝐂𝐇𝐈𝐍𝐔』「 राणा 」,INDIAN OTP GROUP,2022-07-18 06:16:23+00:00
550,,5496290293,-6221284912235415853,Harsh Chaudhary,INDIAN OTP GROUP,NoneType
551,Chaudharyvinay08,1526998977,-3727012232230969834,Vinay,INDIAN OTP GROUP,2022-07-11 04:34:15+00:00
552,CryptoLover1282,1819639382,-3101756787154257195,Trust Wallet,INDIAN OTP GROUP,2022-09-30 15:22:23+00:00
553,hitcp69,5582138112,-1313504649223346428,DARKWEB SELLER (Dm For Proofs),INDIAN OTP GROUP,UserStatusRecently
554,dorachin,2038703526,-6531518077687317064,Doraemon,INDIAN OTP GROUP,UserStatusRecently
555,dnxnxnxix,5193777833,671800789384325886,Hm,INDIAN OTP GROUP,UserStatusOnline
556,dharmik07h,804947746,-4238324536719118605,DHARMIK,INDIAN OTP GROUP,UserStatusRecently
557,raeesali9,5138717745,4684237150195714149,Raees,INDIAN OTP GROUP,2023-01-13 16:27:42+00:00
558,Dino0103,1935200003,4841328387668610868,Daksh,INDIAN OTP GROUP,2023-01-13 17:50:12+00:00
559,DEV_RAJ_FREE_FIRE,1826761318,-5099458976322239481,DEV RAJ,INDIAN OTP GROUP,UserStatusRecently
560,,5417971528,-4002230392265118987,Om,INDIAN OTP GROUP,2023-01-13 14:40:26+00:00
561,Indianotptricks01,2001208345,6414074010171808544,〘🚩▪️〰️𝑫𝑨𝑹𝑲〙 〘𝑰𝑵𝑫𝑰𝑨𝑵〙 〘𝑶𝑻𝑷〙 〘𝑷𝑨𝑵𝑬𝑳〙 〘𝑺𝑬𝑳𝑳𝑬𝑹〰️▪️🚩〙,INDIAN OTP GROUP,2023-01-13 14:04:27+00:00
562,DDR960007,5216758127,1417546435104484728,Mr,INDIAN OTP GROUP,2023-01-13 17:51:27+00:00
563,Silverjjjbv,5083072640,-3796358730223125031,Digital media,INDIAN OTP GROUP,2023-01-13 08:51:12+00:00
564,Mr_Rafteerdubai,5207962295,-365486246923164085,Devendra,INDIAN OTP GROUP,2023-01-13 01:32:11+00:00
565,Deep_999_8,1118010530,-9078781304948220852,Deep,INDIAN OTP GROUP,2023-01-13 14:52:00+00:00
566,DEREK_xd,1463458481,5936111202700435239,Derek,INDIAN OTP GROUP,UserStatusRecently
567,,5221187987,8561665411695021731,Dipak,INDIAN OTP GROUP,2023-01-12 14:39:50+00:00
568,Dpres_trusted,5850005638,-6043168730780662912,#𝕯ᎮℜᎬꕶ,INDIAN OTP GROUP,2023-01-13 16:46:00+00:00
569,,2102376266,2823293702409914067,Hacker's,INDIAN OTP GROUP,2023-01-13 17:16:16+00:00
570,HatimSeller,1237067978,3146208696464471379,Seller Dealer 🇮🇳🇮🇳,INDIAN OTP GROUP,UserStatusRecently
571,,5040830804,-303824155250863960,KRISHNAN KUMAR SAINI,INDIAN OTP GROUP,UserStatusRecently
572,,5099952193,8512941504076008616,Koi otp de ga,INDIAN OTP GROUP,2023-01-12 03:43:17+00:00
573,,5585139337,-1441216192569828288,Danish,INDIAN OTP GROUP,2023-01-12 10:31:43+00:00
574,,5417401244,-8465296857479673225,Dušana Sirola,INDIAN OTP GROUP,2023-01-09 15:12:08+00:00
575,,5136223849,608799634484908403,KHANA,INDIAN OTP GROUP,2023-01-13 13:06:57+00:00
576,Yoyo9172,1475071079,7731248258490059673,don,INDIAN OTP GROUP,2023-01-12 08:30:11+00:00
577,dhairyaverma,5112747086,-2250633995183107760,Dhairya ✌🏻,INDIAN OTP GROUP,2023-01-13 17:44:45+00:00
578,Savage627,1436928372,8448983468223650155,pritam,INDIAN OTP GROUP,UserStatusRecently
579,JatinDubey30,857809997,-1515945424224676901,Jatin,INDIAN OTP GROUP,2023-01-13 10:08:05+00:00
580,,1709004426,-4956085332275097430,Deep,INDIAN OTP GROUP,2023-01-12 16:22:08+00:00
581,,5092257316,2962302008230988644,D,INDIAN OTP GROUP,2023-01-12 08:07:54+00:00
582,Wp_Specialist,5113121808,1586828380796713240,WP Dev,INDIAN OTP GROUP,UserStatusRecently
583,,5784726220,-907088721403593682,Desai,INDIAN OTP GROUP,2023-01-05 16:20:09+00:00
584,Descrower00,1484837386,-1868082093172766077,Dilip,INDIAN OTP GROUP,2023-01-13 15:36:39+00:00
585,DeViL_Trusted,5352249402,-4470502362052229291,DeViL_seller,INDIAN OTP GROUP,UserStatusRecently
586,,1024537765,-8138783130587315275,Dhananjay,INDIAN OTP GROUP,2023-01-13 12:47:21+00:00
587,devilxservant,5052741571,6672554119300278040,ᗪ乇ᐯ丨ㄥ,INDIAN OTP GROUP,UserStatusRecently
588,,5470060469,-2838551025015384906,Deva,INDIAN OTP GROUP,UserStatusLastMonth
589,,5877717858,-4485762589059390087,Saimir Dukagjini,INDIAN OTP GROUP,2023-01-12 17:19:23+00:00
590,Vicky00991,1703655265,2140955128553061246,vikash,INDIAN OTP GROUP,UserStatusRecently
591,viviviviviviviviandonaldddvvIAAN,5567587961,7385651202792810907,Vivian,INDIAN OTP GROUP,UserStatusRecently
592,Vikas_dubey69,5331021565,-115471237948513332,Gamex,INDIAN OTP GROUP,UserStatusRecently
593,Jeremy_Day12,5984625688,4236026278716636233,Jeremy Day,INDIAN OTP GROUP,2023-01-11 13:21:02+00:00
594,,1969129072,-363975390963989523,Dolly,INDIAN OTP GROUP,2023-01-13 17:11:08+00:00
595,DemonopxD,1213258750,3694315024756014718,Demon,INDIAN OTP GROUP,UserStatusRecently
596,hatestone0,5652817689,1919001902712187121,DARKWEB SELLER (Dm For Proofs),INDIAN OTP GROUP,UserStatusRecently
597,,5955480158,-3755339591063448274,Genevieve,INDIAN OTP GROUP,2023-01-12 06:53:06+00:00
598,dhruvgarg9136,1088689768,1917242051398935068,dhruv,INDIAN OTP GROUP,UserStatusRecently
599,Danger0000001,907369774,3905725327749667795,DÆÑGÉR,INDIAN OTP GROUP,2023-01-09 09:30:50+00:00
600,Suresh565,747694385,-2667743158400557567,Suresh,INDIAN OTP GROUP,UserStatusRecently
601,dhaval1232,5497893910,-2973019345049755326,dhaval,INDIAN OTP GROUP,2023-01-11 16:41:42+00:00
602,DEALZNO11,5000886048,1613605173465782705,DESTROYER [PROMO#01],INDIAN OTP GROUP,UserStatusRecently
603,JIOFI_RECHARGE,1949003983,-3829652166895295391,भोला DISCOUNT Recharge FOR JIO SIM USER,INDIAN OTP GROUP,UserStatusRecently
604,dsatwo,1773399194,-3298921243191000426,Sharad,INDIAN OTP GROUP,UserStatusRecently
605,darkwebhell,5086825947,3086416122745280498,DARKWEB SELLER (Dm For Proofs),INDIAN OTP GROUP,2023-01-13 16:51:13+00:00
606,DeMoN_SLyR_uV,5336179981,-9162932313284744019,𝐃єM𝐨𝐍_S𝐋yЯ_𝐮𝐕,INDIAN OTP GROUP,2023-01-13 12:52:46+00:00
607,ParakramDuttafl,5421762945,5250118991968418443,Parakram Dutta,INDIAN OTP GROUP,2023-01-09 01:57:27+00:00
608,FIEWINQUEIRYAGENT,5146737786,2849935525787547506,😈😈DEVIL😈😈,INDIAN OTP GROUP,UserStatusLastMonth
609,,5584401252,-8357042295253036414,gft,INDIAN OTP GROUP,2022-12-30 08:50:41+00:00
610,drasr78,5569938304,-116964379210934214,.,INDIAN OTP GROUP,2023-01-13 17:16:13+00:00
611,,5811267038,-7421847553926824322,Dakila Macuha,INDIAN OTP GROUP,2022-12-12 19:50:01+00:00
612,,1402905931,-6271085448484594798,Diak,INDIAN OTP GROUP,UserStatusRecently
613,trusted_owner_dva,1902699747,5677186755526307765,REAL,INDIAN OTP GROUP,UserStatusRecently
614,,5970149483,-8725130354873122325,David,INDIAN OTP GROUP,2023-01-08 00:25:11+00:00
615,dmkroo,886631628,2153612369959835364,Looto,INDIAN OTP GROUP,UserStatusRecently
616,,5831733449,-5924317419791662146,Dgbx,INDIAN OTP GROUP,2023-01-09 06:41:17+00:00
617,Devil777ap,1106444302,2679250178237498223,Mr.😈Devil👿,INDIAN OTP GROUP,UserStatusRecently
618,,5762466048,9060102183577262147,Pieter de,INDIAN OTP GROUP,2022-11-30 20:38:04+00:00
619,,5770497557,-7368813305037213516,Dylan,INDIAN OTP GROUP,2022-11-30 20:34:13+00:00
620,,5763038583,-5019631417587196610,Daniel,INDIAN OTP GROUP,2022-11-30 20:30:40+00:00
621,,1583731845,-1049646326526868492,DJ.,INDIAN OTP GROUP,UserStatusRecently
622,Dad_Maxwin,5589636204,8245110970545836050,[𝐋𝐈𝐓]🇰 𝐈𝐍𝐆 🇲 𝐀𝐗𝐖𝐈𝐍 ๛ 🇮🇳 [ @Dad_Maxwin],INDIAN OTP GROUP,UserStatusRecently
623,,5906113059,932766283865479037,Hdlhfjlf,INDIAN OTP GROUP,2023-01-07 16:00:31+00:00
624,,5506739295,5294908659153970541,Diya Rathore,INDIAN OTP GROUP,2022-12-09 23:08:41+00:00
625,Divy49,5725971584,6978390273090251520,Divy,INDIAN OTP GROUP,NoneType
626,kumar000000000000000,5526096285,4570730714775048824,D K,INDIAN OTP GROUP,2023-01-09 13:49:15+00:00
627,,5562795871,-2495409808014409635,Elisa Dietrich,INDIAN OTP GROUP,2022-12-21 04:12:45+00:00
628,Ddcfdwsz,5330761648,-4263204622977645851,Niranjan,INDIAN OTP GROUP,2023-01-13 14:17:06+00:00
629,,5455016618,-6313078313101332029,David Molina,INDIAN OTP GROUP,2022-11-19 04:35:51+00:00
630,,5735968672,2513310024045835746,Goran Dujmović,INDIAN OTP GROUP,2023-01-03 05:27:53+00:00
631,,5746780353,5828651918541914712,The Dha[̲̅n] 👾,INDIAN OTP GROUP,NoneType
632,DigitalUrge,1292387259,2681937113990186217,DigitalUrge,INDIAN OTP GROUP,UserStatusRecently
633,dncnncncnccn,5733036219,-1553133226170775795,#,INDIAN OTP GROUP,2023-01-02 17:05:42+00:00
634,,5623042501,-6275130888886379389,Jovi,INDIAN OTP GROUP,2022-11-11 20:59:22+00:00
635,Deathsurgeon5,598584152,4352845861992522801,Death,INDIAN OTP GROUP,UserStatusRecently
636,,5483707701,8224479558820398735,Dhaval Gahlot,INDIAN OTP GROUP,2022-12-01 18:32:09+00:00
637,,5453007373,-3725068717347906355,Damayanti Meena,INDIAN OTP GROUP,2022-12-01 18:32:04+00:00
638,dronzer828,5120463806,2018960796691713999,𝘿𝙍𝙊𝙉𝙕𝙀𝙍,INDIAN OTP GROUP,UserStatusRecently
639,DainelPp,1981348697,-2463464170231239068,Farid,INDIAN OTP GROUP,UserStatusLastMonth
640,daredevilsells,5045156872,-2287982616473265247,𝕯𝖆𝖗𝖊𝖉𝖊𝖛𝖎𝖑,INDIAN OTP GROUP,2023-01-13 16:05:14+00:00
641,WinMoneyForever,5759672357,-7637578612223278544,Dylan,INDIAN OTP GROUP,2023-01-13 04:05:41+00:00
642,,5754192906,4627885504652106475,Just,INDIAN OTP GROUP,2023-01-12 10:23:25+00:00
643,,5443839614,7300445103446496379,Danielle,INDIAN OTP GROUP,2022-12-31 05:40:23+00:00
644,,5506358970,-5927032842830913616,Dinu,INDIAN OTP GROUP,2022-11-03 14:19:26+00:00
645,Kl6922,5678560353,6466327603139150748,Rahul,INDIAN OTP GROUP,2023-01-13 13:59:19+00:00
646,,5196570934,1268101289908088929,koi otp do ga,INDIAN OTP GROUP,2022-11-01 10:24:29+00:00
647,mrhirakx3,931320594,-9011963185509781733,Harry,INDIAN OTP GROUP,2022-12-10 18:17:25+00:00
648,God_divya_xd,1932467227,-6131399227833727645,꧁❤️⃟💸 DIVYA ❤️⃟💸꧂,INDIAN OTP GROUP,UserStatusRecently
649,,5724633546,4847167870195561926,Devbs,INDIAN OTP GROUP,2022-10-20 07:31:05+00:00
650,don705921,871219607,-3330783280311676536,.,INDIAN OTP GROUP,UserStatusRecently
651,MIR_ABDULLAH_TALPUR,1835421294,4853938802263394384,MIR ABDULLAH TALPUR,INDIAN OTP GROUP,UserStatusRecently
652,,5335605490,1905317660740080856,DeaLL,INDIAN OTP GROUP,2022-10-28 14:38:09+00:00
653,,1285170707,8753618927565902059,Dvhczv,INDIAN OTP GROUP,2022-12-05 08:40:05+00:00
654,demonicentity1,1841585935,-1419637718422939887,𝐈 𝐀𝐌 𝐋𝐔𝐂𝐈𝐃,INDIAN OTP GROUP,2023-01-13 16:18:33+00:00
655,Dimpol125,5788201109,-7831444210791187993,Dimpol,INDIAN OTP GROUP,2023-01-09 13:05:09+00:00
656,,5241228125,855491894064836017,P,INDIAN OTP GROUP,2023-01-11 15:21:14+00:00
657,King_of_doth,822106412,4656820686749374245,Ms,INDIAN OTP GROUP,2023-01-13 15:52:49+00:00
658,,2083759233,-7294236746808425221,Deepu,INDIAN OTP GROUP,2022-12-28 09:26:08+00:00
659,DRAX_HERE,1377058843,-3829083297181815218,[🇮🇳] DraX,INDIAN OTP GROUP,UserStatusRecently
660,Durov_xd,2107330856,-4651368565009557868,Durov,INDIAN OTP GROUP,2023-01-13 12:59:44+00:00
661,,796662224,1046004535295083854,Dheeraj,INDIAN OTP GROUP,UserStatusLastMonth
662,,1601528796,-7510776674689888891,Subhajit Dey,INDIAN OTP GROUP,2022-12-28 12:23:18+00:00
663,opboyj,1301298022,-5373012105555833733,—(••÷[🄾🄿✿🄱🄾🅈]÷••)—,INDIAN OTP GROUP,2023-01-13 09:43:10+00:00
664,otp_agent,5791551238,-3873433980433913640,Real Deal,INDIAN OTP GROUP,UserStatusLastMonth
665,dynamic_124,5692590010,-8600317614622715093,Rehansh,INDIAN OTP GROUP,2022-10-18 11:11:29+00:00
666,DK454545,5351178994,2918400576411636760,J K,INDIAN OTP GROUP,2023-01-10 08:03:39+00:00
667,Doraemon_420,5479881365,8608465105903955183,Doreamon,INDIAN OTP GROUP,UserStatusRecently
668,,1917729771,-1176404750721624994,Mark,INDIAN OTP GROUP,2023-01-12 10:21:11+00:00
669,dreampr1001,1066320746,-5237045105822516909,anil kumar soni,INDIAN OTP GROUP,NoneType
670,Deoy365,5491903794,8708975646378703926,Nathan Nguyen,INDIAN OTP GROUP,2022-11-03 09:38:29+00:00
671,Dprepoter7508860672,819460062,-7989085045951129242,Dp,INDIAN OTP GROUP,2023-01-13 11:57:28+00:00
672,DYNAMIC_BOT_1,5617097025,8544138029737767742,XP,INDIAN OTP GROUP,NoneType
673,supardream1,1133927072,1819349826606245901,SUPER DREAM 🤔 Prime,INDIAN OTP GROUP,UserStatusRecently
674,dlnesh_bhai_95,1670327355,8518342545799613447,𝘋𝘐𝘕𝘌𝘚𝘏 𝘉𝘏𝘈𝘐,INDIAN OTP GROUP,UserStatusLastWeek
675,RDMAN000,1772655808,4328523852049899483,Ranit,INDIAN OTP GROUP,2023-01-05 03:10:54+00:00
676,GfayQ,5249937762,-2667386327842033348,danish zehan,INDIAN OTP GROUP,NoneType
677,DEVIL_FOR_NIGHTS,5422955134,8341457287421095648,DEVIL OF KNIGHTS,INDIAN OTP GROUP,2023-01-12 18:55:35+00:00
678,,5772647389,1727078753046020025,Rk,INDIAN OTP GROUP,2022-12-31 03:39:16+00:00
679,,1811745943,6274102412762642098,Danish,INDIAN OTP GROUP,2022-09-25 06:45:55+00:00
680,,5487710666,4921937346439791438,Angelina De Freitas,INDIAN OTP GROUP,2022-10-01 05:17:36+00:00
681,W_H_I_T_E_D_E_V_I_L0,1155979398,5430001595077004593,𝐖𝐇𝐈𝐓𝐄,INDIAN OTP GROUP,UserStatusRecently
682,,5725895216,3452990639330792017,Digital,INDIAN OTP GROUP,2022-10-23 06:36:45+00:00
683,RolandDukagjini6,5408426433,-8232152942903004325,Roland Dukagjini,INDIAN OTP GROUP,2022-10-22 03:49:46+00:00
684,,5640852282,7482829150817260533,Genci Duro,INDIAN OTP GROUP,2022-11-15 18:05:28+00:00
685,,5565821973,38520712413932854,Jessa Mae,INDIAN OTP GROUP,2022-09-09 06:57:58+00:00
686,nofraud05,1972861731,-4486691540474466753,Dhruv,INDIAN OTP GROUP,2022-10-29 06:24:04+00:00
687,,5492322990,4846317834419082274,Dorcas RT,INDIAN OTP GROUP,2022-09-13 03:33:24+00:00
688,yoyojoginder,5170490615,-5366982793403074909,Dixit,INDIAN OTP GROUP,2023-01-13 17:26:58+00:00
689,,2046185272,7040553249272795018,Tukai,INDIAN OTP GROUP,2023-01-13 16:36:08+00:00
690,,5463145388,-8585390215290429367,Erion Dushku,INDIAN OTP GROUP,2022-10-22 04:01:59+00:00
691,,5284892309,-2967250010048036493,Manuela De,INDIAN OTP GROUP,2022-12-23 19:33:55+00:00
692,Fjhffufjjf,5543555990,-6688607292843985074,Tymol,INDIAN OTP GROUP,2022-09-04 06:13:44+00:00
693,,5445634372,1095006012072633471,Teele Dimitriev,INDIAN OTP GROUP,2022-09-03 03:36:21+00:00
694,Desmuk88,1671949274,2758632710163478660,deshmuk,INDIAN OTP GROUP,NoneType
695,DEVILHESHT16,5473629489,-4814379618423684521,Devil,INDIAN OTP GROUP,UserStatusRecently
696,,5560877340,564467564232655238,Darrell,INDIAN OTP GROUP,2022-08-29 23:52:19+00:00
697,,5529479316,-6335682016185128675,Mr. Duke,INDIAN OTP GROUP,2022-10-28 14:32:51+00:00
698,,5715317103,4590308603517931198,Arnisa Demiri,INDIAN OTP GROUP,2022-10-22 03:24:39+00:00
699,,5527513289,-6830116488918670465,Arlind Dukagjini,INDIAN OTP GROUP,2022-08-27 09:57:50+00:00
